,SYMBOL,tp,wp,mp,tmp,smp,yp
0,20MICRONS,40.2,88.55,72.8,28.25,61.2,35.75
1,21STCENMGM,10.45,29.65,26.55,9.9,48.25,11.9
2,3MINDIA,20830.55,21440.7,19679.15,18307.15,24832.5,26511.65
3,A2ZINFRA,4.85,12.05,10.45,4.05,4.2,4.0
4,AARTIDRUGS,705.15,512.0,448.6,771.3,607.3,722.2
5,AARTIIND,1234.8,969.65,859.45,1014.95,929.85,1434.7
6,AARVI,49.25,112.1,89.25,40.15,59.8,49.15
7,AAVAS,1695.55,2531.75,2443.25,1434.55,2560.0,2244.7
8,ABB,1212.05,2238.95,2190.95,859.5,1870.6,1395.4
9,ABBOTINDIA,15769.1,17999.0,17322.4,16486.95,20517.8,14839.9
10,ABCAPITAL,85.0,113.55,108.55,62.2,112.75,117.3
11,ABFRL,165.6,308.4,278.3,133.6,246.35,173.85
12,ABSLBANETF,308.97,37.59,35.53,213.25,372.69,309.65
13,ABSLNN50ET,309.33,44.22,41.16,288.49,433.02,349.0
14,ACC,1617.65,2170.55,2129.15,1393.45,2254.5,1825.8
15,ACCELYA,945.75,978.8,1016.9,1033.05,1265.05,846.7
16,ACE,135.95,231.05,215.3,67.05,258.15,148.05
17,ADANIENT,479.55,2170.95,1758.0,297.1,1468.1,1142.75
18,ADANIGREEN,1052.6,2321.85,1833.65,737.6,1146.6,1043.95
19,ADANIPORTS,483.75,839.3,723.8,341.75,737.9,720.45
20,ADANIPOWER,49.8,220.95,122.9,36.9,97.1,87.15
21,ADFFOODS,643.4,816.95,722.9,417.65,882.65,881.2
22,ADORWELD,270.85,652.05,643.2,244.9,680.6,351.5
23,ADSL,37.25,151.65,123.7,22.3,73.3,47.0
24,ADVENZYMES,334.75,301.35,302.7,330.3,388.55,375.4
25,AEGISCHEM,252.0,228.2,196.7,228.85,227.6,286.65
26,AFFLE,3782.0,1275.95,1198.55,2875.05,5344.45,5343.75
27,AGROPHOS,16.15,31.55,23.2,9.15,15.5,10.95
28,AHLEAST,164.1,244.25,202.55,145.0,188.25,144.65
29,AHLUCONT,265.55,511.15,384.9,234.35,355.4,286.2
30,AIAENG,1974.35,1703.7,1744.15,1848.55,1955.3,1856.75
31,AJANTPHARM,1633.2,1728.6,1845.55,1613.6,2278.1,1797.4
32,AKSHARCHEM,254.25,419.5,377.8,225.95,411.2,226.9
33,AKZOINDIA,2399.5,1914.8,1965.15,2165.2,2284.35,2208.85
34,ALANKIT,19.95,15.2,14.0,17.7,17.8,13.95
35,ALBERTDAVD,442.65,598.55,533.2,441.25,601.25,432.85
36,ALEMBICLTD,107.15,85.2,81.2,105.0,115.2,105.05
37,ALICON,377.2,719.15,719.55,328.05,764.65,426.95
38,ALKEM,2926.2,3472.65,3414.9,2777.95,3980.75,2740.65
39,ALKYLAMINE,3829.95,3309.45,2903.5,3208.95,3825.55,5739.35
40,ALLCARGO,133.75,359.35,312.1,124.35,269.05,123.3
41,ALLSEC,294.3,549.95,570.5,241.95,420.6,314.9
42,ALMONDZ,21.0,111.3,105.4,11.25,100.45,26.9
43,ALOKINDS,23.3,28.85,24.35,19.55,23.8,20.25
44,AMARAJABAT,923.95,573.85,581.65,764.15,749.8,800.85
45,AMBER,2352.8,3611.75,3617.25,2038.4,3263.7,3178.95
46,AMBIKCO,845.4,2437.75,2546.7,661.7,1821.7,852.0
47,AMBUJACEM,248.85,337.35,309.35,217.0,400.2,295.7
48,AMJLAND,25.55,34.0,32.6,19.15,37.8,22.2
49,AMRUTANJAN,502.15,881.5,830.6,423.0,835.2,620.85
50,ANANTRAJ,27.1,67.8,66.6,31.0,75.9,49.95
51,ANDHRAPAP,215.95,337.45,285.65,192.95,231.8,211.0
52,ANDHRSUGAR,316.9,163.8,152.6,299.3,616.25,323.05
53,ANUP,742.35,892.4,846.95,641.7,958.65,563.85
54,APARINDS,349.0,667.95,656.6,292.8,644.55,462.55
55,APCL,212.95,298.0,267.9,188.75,393.75,205.3
56,APCOTEXIND,166.25,398.65,361.05,142.95,406.45,177.4
57,APEX,306.0,311.0,280.25,244.9,291.3,209.45
58,APLAPOLLO,883.0,1004.75,937.1,2916.9,821.8,1259.15
59,APLLTD,1033.75,771.55,734.25,938.05,789.1,995.8
60,APOLLOHOSP,2412.8,4606.15,4943.65,2148.05,4481.6,3269.65
61,APOLLOPIPE,709.8,513.35,471.4,390.8,1703.9,989.75
62,APOLLOTYRE,178.0,202.75,186.55,130.85,225.7,202.2
63,APOLSINHOT,586.8,793.85,787.0,519.0,800.75,536.75
64,APTECHT,157.8,369.2,337.25,117.35,307.0,198.1
65,ARIES,103.25,159.2,135.9,77.15,148.05,79.95
66,ARIHANTSUP,31.2,140.25,123.85,19.75,148.8,54.8
67,ARMANFIN,738.85,1121.1,932.0,525.6,839.2,528.85
68,AROGRANITE,48.35,61.35,58.1,25.55,63.45,38.9
69,ARVIND,46.75,128.05,117.95,33.9,94.45,60.6
70,ARVINDFASN,154.2,290.05,262.85,123.15,273.3,127.65
71,ARVSMART,113.3,217.85,204.15,89.7,175.75,95.35
72,ASAHIINDIA,276.7,473.95,435.45,208.75,362.7,300.35
73,ASAHISONG,250.5,306.05,268.8,212.9,342.2,315.45
74,ASALCBR,321.4,515.15,462.0,257.15,444.7,397.8
75,ASHAPURMIN,108.7,165.2,102.4,79.85,122.75,107.05
76,ASHIANA,114.0,147.1,148.25,73.05,196.0,124.6
77,ASHOKA,92.65,92.95,89.65,64.45,98.45,83.95
78,ASHOKLEY,95.45,129.15,115.5,74.4,133.8,112.85
79,ASIANHOTNR,74.35,82.55,78.15,55.0,92.0,62.15
80,ASIANPAINT,2764.5,3206.25,3042.0,1986.4,3244.65,2553.65
81,ASIANTILES,281.8,115.9,103.15,291.75,153.75,153.15
82,ASPINWALL,169.5,189.6,185.45,126.9,179.5,165.1
83,ASTEC,1290.65,1810.35,1670.35,1084.65,1287.75,1030.35
84,ASTERDM,165.85,196.6,172.65,132.55,207.55,146.95
85,ASTRAL,1782.85,2060.4,2039.25,1224.8,2160.4,1668.45
86,ASTRAMICRO,124.7,244.45,223.7,116.85,204.9,112.6
87,ASTRAZEN,4619.2,2915.9,2664.1,4303.75,3089.6,3904.0
88,ASTRON,51.8,50.25,46.55,47.45,58.0,39.45
89,ATFL,899.4,892.0,834.0,690.1,1020.85,843.0
90,ATUL,6430.1,9966.45,9913.8,6112.3,9462.55,7591.75
91,ATULAUTO,184.25,201.65,172.4,169.55,215.15,167.45
92,AUBANK,852.6,1389.0,1178.85,654.35,1164.25,1041.3
93,AUROPHARMA,921.3,700.7,637.5,796.5,724.8,987.3
94,AUTOAXLES,1025.55,1690.85,1486.6,717.05,1253.05,989.95
95,AVADHSUGAR,214.6,745.9,747.75,180.45,423.95,200.65
96,AVANTIFEED,522.7,466.25,426.6,497.35,539.15,492.9
97,AVTNPL,48.65,122.05,122.0,45.35,81.95,43.65
98,AXISBANK,620.45,794.9,723.85,424.65,766.55,651.75
99,AXISGOLD,43.66,44.51,44.08,44.0,39.82,41.08
100,AXISNIFTY,144.34,186.83,178.04,116.5,184.22,148.68
101,BAJAJ-AUTO,3444.05,3810.35,3569.8,2881.1,3832.65,3600.9
102,BAJAJCON,214.3,179.5,161.2,182.8,252.4,292.85
103,BAJAJELEC,610.55,1092.35,1022.7,503.2,1305.65,1118.6
104,BAJAJFINSV,8906.35,16749.0,16124.85,5852.35,17786.75,9819.4
105,BAJAJHLDNG,3076.55,6215.05,5068.65,2413.95,4808.6,3377.7
106,BAJFINANCE,5295.2,7366.6,6840.6,3278.6,7668.1,4613.65
107,BALAJITELE,68.2,77.15,74.25,67.85,65.2,51.7
108,BALAMINES,926.4,3403.9,3081.25,807.4,4517.4,1848.65
109,BALKRISIND,1646.3,2116.5,2059.1,1477.0,2533.65,1690.8
110,BALMLAWRIE,128.1,124.3,118.4,99.5,129.3,118.15
111,BALRAMCHIN,172.0,511.05,485.5,155.2,366.5,250.45
112,BANARBEADS,57.6,92.65,93.35,52.0,63.55,46.95
113,BANARISUG,1428.15,2630.3,2376.35,1300.0,2196.8,1612.8
114,BANCOINDIA,147.75,145.9,139.5,89.85,196.8,141.4
115,BANDHANBNK,402.25,323.8,294.45,273.0,283.0,309.15
116,BANKBARODA,61.45,120.3,107.7,41.05,81.75,63.25
117,BANKBEES,313.54,380.49,359.49,215.94,377.46,313.09
118,BANKINDIA,48.7,52.45,48.45,40.65,55.5,64.6
119,BANSWRAS,126.4,257.3,235.55,70.15,153.2,89.55
120,BASF,1628.1,2887.05,2850.0,1511.55,3427.75,2020.15
121,BATAINDIA,1579.65,1967.5,1911.5,1318.35,1778.15,1297.65
122,BAYERCROP,5442.05,4836.55,4377.9,5891.2,5298.05,5162.6
123,BBL,872.5,1784.2,1848.55,685.85,1357.35,1098.8
124,BBTC,1298.05,947.85,918.05,1304.0,1147.75,1162.1
125,BDL,340.35,716.15,555.1,314.75,382.95,330.15
126,BEL,119.95,239.6,209.0,95.75,202.95,124.3
127,BEML,968.95,1857.15,1533.85,610.45,1433.5,1163.6
128,BEPL,146.05,140.2,132.05,72.55,185.5,157.7
129,BERGEPAINT,759.45,734.6,705.8,583.7,809.0,709.5
130,BFINVEST,297.95,309.5,286.5,278.9,359.1,272.3
131,BFUTILITIE,290.7,367.15,333.15,237.5,433.75,230.95
132,BHAGERIA,157.35,244.55,233.8,129.55,270.5,151.25
133,BHAGYAPROP,23.85,33.7,31.5,22.05,29.55,28.55
134,BHARATFORG,525.3,746.1,674.95,447.55,737.45,575.35
135,BHARATRAS,9708.85,12582.35,12641.95,9054.0,12154.05,9682.95
136,BHARTIARTL,509.7,762.1,712.0,420.95,688.3,530.2
137,BHEL,35.9,56.55,51.2,29.25,64.65,44.2
138,BINDALAGRO,15.95,27.1,22.55,11.75,22.95,16.35
139,BIOCON,465.4,355.0,329.2,447.7,362.7,401.15
140,BIRLACORPN,721.3,1152.7,1104.1,666.1,1435.7,942.2
141,BIRLAMONEY,45.0,66.6,62.85,39.45,63.0,39.55
142,BIRLATYRE,29.95,24.05,22.15,20.35,23.85,22.0
143,BLISSGVS,202.15,83.75,72.2,170.2,109.85,96.9
144,BLS,85.4,327.75,229.15,88.3,263.1,87.75
145,BLUEDART,4097.25,6539.2,6198.5,3173.35,6506.9,5053.7
146,BLUESTARCO,801.1,1153.15,980.4,641.15,910.25,835.05
147,BODALCHEM,79.45,112.3,103.85,66.3,118.45,87.4
148,BOMDYEING,79.55,106.5,100.25,62.95,93.75,66.0
149,BORORENEW,300.45,655.3,600.55,72.95,308.5,237.1
150,BOSCHLTD,12785.4,15036.5,14081.6,13730.05,15474.5,13416.8
151,BPCL,381.1,384.55,356.3,353.05,432.2,408.1
152,BRIGADE,249.1,506.85,479.0,162.9,410.0,246.8
153,BRITANNIA,3576.35,3347.9,3313.65,3798.15,3948.95,3729.9
154,BROOKS,66.45,94.85,89.85,65.2,133.0,71.75
155,BSE,619.2,901.85,2964.55,545.75,1231.25,591.65
156,BSLGOLDETF,4600.0,47.15,46.14,4666.6,4190.5,4327.75
157,BSLNIFTY,153.82,19.78,18.85,123.55,195.52,157.12
158,BSOFT,246.9,489.6,442.5,195.2,409.65,245.05
159,CAMLINFINE,122.45,143.75,143.05,114.75,183.55,137.2
160,CANBK,128.95,248.35,224.4,88.85,173.0,128.05
161,CANFINHOME,499.4,658.25,600.35,415.75,686.8,512.4
162,CANTABIL,380.45,998.1,799.85,324.35,617.0,370.2
163,CAPACITE,181.75,128.15,123.65,118.35,162.7,187.25
164,CAPLIPOINT,506.4,761.8,729.45,553.65,884.25,507.55
165,CARBORUNIV,405.5,806.6,778.65,269.25,887.55,482.75
166,CAREERP,159.55,122.45,114.7,171.15,162.25,119.3
167,CARERATING,525.9,543.05,511.5,349.4,667.05,477.5
168,CASTROLIND,123.05,105.7,105.9,109.35,140.2,120.85
169,CCL,267.7,408.75,393.45,265.6,384.55,254.65
170,CEATLTD,1080.95,1124.45,995.15,999.2,1321.7,1404.7
171,CENTENKA,211.6,616.95,560.05,172.4,445.5,246.3
172,CENTRALBK,13.85,20.35,18.5,14.3,22.15,16.25
173,CENTRUM,16.85,28.65,25.65,16.4,31.4,22.85
174,CENTUM,444.8,519.75,411.4,303.8,472.65,372.45
175,CENTURYPLY,233.05,663.5,653.75,162.3,472.65,338.9
176,CENTURYTEX,410.9,921.1,804.4,331.55,936.8,445.1
177,CERA,3391.95,4708.5,4603.65,2325.4,5260.6,3905.0
178,CEREBRAINT,33.9,75.5,74.0,28.85,54.55,50.35
179,CESC,614.3,85.9,74.5,614.0,91.55,583.45
180,CGCL,317.75,622.8,621.3,235.65,515.25,393.85
181,CHALET,183.4,310.0,273.45,138.35,239.9,141.35
182,CHAMBLFERT,227.75,464.75,402.2,157.8,338.95,216.45
183,CHEMBOND,174.25,195.55,179.05,153.05,224.65,181.95
184,CHENNPETRO,106.65,162.55,125.75,68.95,122.15,96.0
185,CHOLAFIN,387.65,741.75,697.4,249.15,564.25,538.75
186,CHOLAHLDNG,536.2,648.1,594.7,393.7,688.25,562.9
187,CIGNITITEC,389.2,475.2,487.75,414.75,611.3,399.85
188,CIPLA,819.95,1011.6,1055.8,774.7,983.55,949.3
189,CLNINDIA,367.3,489.05,468.85,331.6,562.7,396.5
190,COALINDIA,135.45,194.55,176.9,116.0,185.1,124.5
191,COCHINSHIP,372.55,327.9,304.6,336.55,362.85,349.95
192,COFORGE,2705.15,4373.15,4350.45,2322.2,5241.3,3010.0
193,COLPAL,1565.25,1564.65,1530.65,1433.5,1669.5,1521.8
194,COMPINFO,15.95,35.5,33.0,16.3,26.0,15.3
195,CONCOR,399.3,703.3,616.05,364.95,704.3,549.1
196,CONFIPET,38.6,66.35,67.9,21.3,82.85,39.45
197,CONSOFINVT,42.0,159.6,148.9,31.4,140.5,53.8
198,CONTROLPR,254.6,408.55,352.9,232.95,331.8,247.55
199,CORALFINAC,23.25,41.55,40.65,20.95,43.75,20.9
200,CORDSCABLE,45.65,66.55,53.9,38.4,53.45,38.9
201,COROMANDEL,814.6,833.2,799.8,772.85,794.45,737.3
202,COSMOFILMS,458.2,2066.5,1723.75,409.65,1493.45,634.65
203,CPSEETF,20.36,36.26,32.99,16.43,30.52,21.74
204,CREDITACC,755.85,923.05,766.65,742.85,636.45,562.85
205,CRISIL,1921.55,3289.35,2838.2,1780.3,2718.3,1827.05
206,CROMPTON,380.55,375.75,393.5,292.35,478.9,367.3
207,CSBBANK,218.05,223.9,213.35,226.35,316.8,253.6
208,CUB,180.1,140.05,120.45,139.75,157.65,158.3
209,CUMMINSIND,574.55,1130.9,1026.5,445.2,991.95,833.4
210,CUPID,245.3,250.5,241.3,216.6,229.85,211.5
211,CYBERTECH,164.95,182.5,174.05,60.5,160.25,121.8
212,CYIENT,513.05,905.5,899.65,383.5,1062.75,684.65
213,DAAWAT,57.2,78.3,71.5,54.15,72.05,69.95
214,DABUR,534.0,556.95,564.7,510.55,617.05,569.0
215,DALBHARAT,1079.75,1607.25,1473.6,781.45,2105.75,1447.35
216,DALMIASUG,143.9,527.25,502.0,128.65,412.45,225.35
217,DATAMATICS,115.9,316.1,274.65,76.05,302.7,111.35
218,DBCORP,81.9,93.05,90.6,77.95,97.85,80.15
219,DBL,392.7,287.2,251.85,335.55,568.4,595.25
220,DCAL,138.8,190.25,172.2,156.9,200.0,146.05
221,DCBBANK,119.25,88.05,71.8,78.3,91.0,92.7
222,DCMSHRIRAM,394.8,1168.25,1039.7,363.5,1010.9,653.8
223,DCW,19.15,44.8,42.6,15.1,47.7,31.0
224,DECCANCE,372.25,591.9,552.25,285.6,711.25,401.85
225,DEEPAKFERT,157.35,602.05,544.4,152.45,407.35,228.9
226,DEEPAKNTR,941.85,2361.8,2222.85,821.2,2406.55,1559.85
227,DELTACORP,160.65,328.45,283.05,110.55,263.3,146.4
228,DEN,62.1,42.6,39.6,71.7,48.0,46.75
229,DFMFOODS,420.6,276.1,256.25,342.2,358.6,357.35
230,DHAMPURSUG,168.65,549.1,533.05,140.55,293.45,205.9
231,DHANBANK,14.6,13.65,12.65,12.3,16.15,13.7
232,DHANUKA,769.1,761.7,720.95,751.25,816.9,714.3
233,DHUNINV,256.65,729.7,632.6,212.75,621.85,273.1
234,DIAMONDYD,669.05,716.8,713.65,603.1,674.55,560.65
235,DICIND,414.6,373.5,355.45,385.9,467.15,385.45
236,DISHTV,13.4,17.9,16.0,13.55,20.5,8.8
237,DIVISLAB,3841.9,4505.95,4402.25,3047.95,4798.7,3779.7
238,DIXON,13448.55,4475.75,4413.2,8762.05,4611.9,3934.75
239,DLF,232.85,396.1,355.5,152.65,417.2,234.4
240,DLINKINDIA,116.85,147.15,146.15,103.8,154.95,98.6
241,DMART,2763.6,4146.25,4169.55,2203.15,4250.2,2778.25
242,DOLLAR,239.2,592.05,565.75,138.2,378.2,237.85
243,DONEAR,34.5,59.6,57.85,25.7,57.3,27.95
244,DPSCLTD,11.85,15.0,14.7,13.85,15.8,12.6
245,DPWIRES,86.25,333.1,343.55,59.95,225.55,105.6
246,DREDGECORP,331.4,344.5,330.8,260.55,356.0,345.55
247,DRREDDY,5205.1,4430.35,3943.8,5187.8,4880.7,5156.75
248,DSSL,65.65,233.0,232.45,29.5,148.65,73.55
249,DTIL,259.25,298.05,251.75,259.65,260.4,249.4
250,DWARKESH,31.0,138.05,123.55,27.95,70.7,33.0
251,DYNAMATECH,847.45,2558.95,2113.6,707.2,2986.35,976.6
252,DYNPRO,261.55,643.5,629.8,261.7,536.3,442.9
253,EBANK,3425.0,3937.91,3896.77,2252.05,4225.99,3551.91
254,EBBETF0423,1110.55,1174.86,1163.58,1084.22,1145.07,1120.99
255,EBBETF0425,1027.99,1089.0,1085.14,994.91,1068.71,1032.28
256,EBBETF0430,1138.95,1205.49,1196.0,1101.14,1185.8,1146.66
257,EBBETF0431,1019.83,1076.46,1067.18,991.31,1062.01,1028.97
258,ECLERX,883.3,2518.05,2417.95,701.1,2164.05,1222.45
259,EDELWEISS,68.55,62.6,53.8,58.9,79.2,60.7
260,EICHERMOT,2530.9,2555.2,2357.9,2202.8,2790.2,2340.0
261,EIDPARRY,343.65,480.05,426.75,282.95,420.7,314.1
262,EIHAHOTELS,276.4,480.8,408.5,237.5,401.35,221.95
263,EIHOTEL,90.05,167.2,128.4,80.6,129.35,83.8
264,EIMCOELECO,332.35,356.95,321.4,325.55,412.4,336.0
265,ELECON,42.6,174.55,155.6,25.5,167.6,75.25
266,ELECTCAST,23.1,44.15,39.25,20.35,37.1,29.8
267,ELECTHERM,113.3,127.25,113.7,101.1,118.4,100.45
268,ELGIEQUIP,153.0,303.1,301.95,121.35,205.45,219.7
269,EMAMILTD,423.75,462.55,475.95,351.3,574.0,517.0
270,EMAMIPAP,105.05,172.45,169.75,67.4,168.15,128.7
271,EMKAY,79.2,117.25,107.3,57.3,113.7,66.0
272,EMMBI,78.75,108.6,95.3,84.35,108.35,77.85
273,ENDURANCE,1348.35,1207.15,1208.05,1152.3,1584.45,1288.45
274,ENGINERSIN,78.35,68.65,62.35,64.35,78.75,70.85
275,ENIL,158.6,204.05,218.7,152.15,183.55,141.1
276,EQUITAS,68.1,119.4,107.6,50.25,121.0,76.15
277,ERIS,579.95,714.5,728.8,538.2,760.55,594.0
278,ESABINDIA,1903.85,3218.5,3356.6,1379.25,2196.45,1826.15
279,ESCORTS,1260.4,1610.2,1827.35,1318.45,1480.1,1210.6
280,ESTER,117.5,152.95,127.65,73.95,147.6,119.5
281,EVEREADY,211.85,334.15,342.2,143.45,394.4,270.4
282,EVERESTIND,326.95,655.4,641.45,201.25,432.55,281.8
283,EXCELINDUS,849.2,1532.55,1672.4,949.3,1022.65,799.4
284,EXIDEIND,191.25,162.05,156.3,164.9,178.25,173.45
285,FACT,61.4,137.45,130.6,45.05,127.85,105.0
286,FCL,66.5,192.2,161.75,31.75,126.35,68.8
287,FCONSUMER,8.5,4.75,6.55,8.6,7.6,6.75
288,FDC,332.1,281.95,260.75,356.15,349.4,316.8
289,FEDERALBNK,66.7,100.2,98.35,48.6,84.3,72.1
290,FEL,11.5,6.35,8.95,12.9,8.95,8.95
291,FIEMIND,567.0,970.8,975.5,563.95,1102.5,539.9
292,FILATEX,47.85,130.4,121.4,24.9,103.5,73.55
293,FINCABLES,344.65,417.25,389.85,275.7,487.1,358.85
294,FINEORG,2522.45,4217.85,3977.25,2672.7,3075.65,2479.4
295,FINPIPE,646.05,165.6,153.4,502.05,208.8,142.8
296,FLFL,87.15,36.45,45.1,89.25,58.95,55.15
297,FMGOETZE,311.75,278.2,265.25,426.8,283.6,295.35
298,FMNL,19.15,8.55,8.75,16.0,9.45,13.9
299,FORCEMOT,1361.45,1156.8,1031.6,1057.4,1469.9,1082.2
300,FORTIS,155.2,271.9,253.7,135.3,263.5,207.9
301,FOSECOIND,1311.1,1437.9,1296.45,1249.0,1470.05,1204.4
302,FRETAIL,78.7,30.2,42.25,90.1,51.85,47.7
303,FSC,103.35,47.15,56.25,104.8,75.5,71.9
304,FSL,101.5,135.3,125.45,72.75,195.5,111.9
305,GABRIEL,105.6,123.45,120.5,105.15,153.65,103.45
306,GAEL,117.95,261.4,260.75,217.65,173.25,127.6
307,GAIL,123.25,162.15,152.4,86.8,158.85,134.4
308,GALAXYSURF,1999.15,3062.5,2887.5,1895.9,3293.1,2582.6
309,GALLANTT,38.8,70.6,64.75,31.2,75.2,48.3
310,GALLISPAT,35.9,56.05,51.2,27.4,55.65,39.1
311,GANDHITUBE,256.6,387.9,354.6,210.05,452.95,265.2
312,GANECOS,400.25,720.65,720.1,257.4,489.3,524.05
313,GANESHHOUC,30.95,270.2,196.45,27.6,165.95,73.4
314,GANGESSECU,60.5,133.6,133.75,43.95,89.75,57.1
315,GARFIBRES,2268.55,3071.95,2678.05,2132.75,3335.65,2620.95
316,GATI,101.1,174.45,139.95,53.1,136.15,96.45
317,GAYAPROJ,39.2,24.25,22.2,17.55,50.2,27.45
318,GEECEE,87.5,166.15,156.8,66.4,157.5,100.75
319,GENUSPOWER,39.5,77.0,63.45,27.05,72.35,45.3
320,GEOJITFSL,55.5,69.2,63.15,38.9,76.4,45.6
321,GEPIL,289.05,169.2,151.65,426.95,304.85,248.65
322,GESHIP,263.2,365.05,361.2,234.9,368.7,288.1
323,GET&D,117.2,105.45,88.65,90.1,128.6,107.55
324,GFLLIMITED,89.95,79.35,66.8,95.55,74.05,70.1
325,GHCL,205.35,551.0,527.25,158.6,445.45,228.6
326,GICHSGFIN,120.5,151.0,136.9,93.55,151.1,106.0
327,GICRE,139.1,125.9,122.3,120.9,145.05,203.45
328,GILLETTE,5788.7,5203.1,4933.85,5340.2,5898.95,5455.2
329,GINNIFILA,22.5,48.4,45.2,11.7,33.5,19.4
330,GIPCL,83.85,86.8,77.9,68.4,86.1,72.85
331,GLAXO,1623.95,1616.05,1572.2,1575.15,1480.75,1436.1
332,GLENMARK,493.5,479.15,446.85,482.65,510.45,571.6
333,GMDCLTD,52.6,218.15,163.4,42.05,74.95,53.05
334,GMMPFAUDLR,3787.25,4824.95,4358.85,3983.8,4418.7,4090.2
335,GMRINFRA,26.5,40.5,38.5,23.05,38.35,23.05
336,GNA,272.0,564.7,524.35,223.5,943.45,389.1
337,GNFC,224.0,883.05,707.75,208.05,434.25,307.15
338,GOCLCORP,194.65,295.35,238.95,181.7,266.2,203.6
339,GODFRYPHLP,972.15,1087.75,1020.9,923.25,1195.7,860.8
340,GODREJAGRO,535.1,510.9,474.85,509.45,640.0,484.95
341,GODREJCP,740.15,811.65,747.25,724.95,1029.9,725.65
342,GODREJIND,422.2,488.15,489.15,411.45,579.15,515.9
343,GODREJPROP,1432.15,1665.25,1526.35,860.45,2311.9,1327.55
344,GOKEX,89.8,378.65,361.2,65.8,194.8,82.0
345,GOKUL,17.9,34.15,35.9,11.75,28.05,17.2
346,GOLDBEES,43.75,44.66,44.23,44.18,39.72,41.1
347,GOLDENTOBC,53.2,113.3,99.75,20.3,149.6,39.55
348,GOLDIAM,233.95,157.5,784.6,126.2,931.75,334.0
349,GOLDSHARE,4532.1,44.4,44.05,4571.35,40.85,42.35
350,GPIL,474.7,439.65,369.6,299.65,1278.95,765.3
351,GPPL,96.75,91.95,81.65,82.25,110.6,96.65
352,GPTINFRA,47.2,80.2,71.45,27.3,83.85,35.1
353,GRANULES,352.15,314.45,306.2,383.8,320.35,334.55
354,GRAPHITE,303.2,569.3,491.0,195.25,604.55,639.85
355,GRASIM,927.85,1771.25,1604.05,744.2,1669.45,1291.9
356,GREAVESCOT,85.1,205.2,163.05,75.35,137.25,128.75
357,GREENLAM,776.6,365.6,375.3,724.75,1374.65,979.9
358,GREENPANEL,125.95,584.2,538.3,48.7,309.65,209.85
359,GREENPLY,115.1,225.15,178.45,83.9,181.05,197.75
360,GRINDWELL,717.4,1905.25,1840.0,545.15,1372.65,899.9
361,GRPLTD,886.2,1449.9,1405.75,725.0,929.8,819.0
362,GRSE,194.4,251.9,230.65,216.35,193.3,176.5
363,GSCLCEMENT,37.85,45.4,42.7,27.05,49.25,33.25
364,GSFC,72.2,176.95,142.0,61.6,129.25,90.4
365,GSPL,221.6,283.95,262.5,208.55,316.0,248.6
366,GTPL,133.8,213.45,181.6,86.3,254.25,132.05
367,GUFICBIO,117.05,253.4,236.65,89.9,194.05,126.05
368,GUJALKALI,354.2,912.9,746.3,330.8,672.75,414.5
369,GUJAPOLLO,202.15,211.75,216.65,204.4,210.25,209.65
370,GUJGASLTD,376.4,528.45,502.95,308.4,637.45,543.05
371,GULFOILLUB,719.1,456.45,454.55,652.95,584.2,707.45
372,GULFPETRO,47.65,52.25,50.1,37.45,55.1,36.2
373,HAL,846.25,1620.2,1462.15,806.1,1354.45,951.35
374,HARRMALAYA,118.2,171.8,143.3,92.55,184.75,141.7
375,HATSUN,724.3,1090.85,1202.25,779.95,1409.35,745.9
376,HAVELLS,916.15,1267.95,1136.35,677.85,1373.1,1004.8
377,HBANKETF,310.81,377.57,358.7,215.49,373.86,310.9
378,HBLPOWER,41.1,65.45,64.35,16.2,48.65,30.95
379,HCC,9.05,18.35,14.95,5.25,9.65,7.4
380,HCG,162.75,290.15,255.25,120.15,247.4,169.5
381,HCL-INSYS,8.75,20.3,20.2,8.0,13.8,8.0
382,HCLTECH,946.15,1165.35,1199.5,811.6,1279.55,961.3
383,HDFC,2558.65,2458.25,2292.1,1740.05,2754.3,2415.9
384,HDFCAMC,2918.0,2272.6,2209.2,2269.85,2908.6,2790.9
385,HDFCBANK,1436.3,1514.65,1448.15,1078.6,1594.95,1391.4
386,HDFCLIFE,676.5,564.8,517.3,559.4,722.4,685.2
387,HDFCMFGETF,4487.7,45.97,45.46,4524.0,40.76,42.17
388,HDFCNIFETF,1466.67,190.57,182.03,1181.92,188.48,151.97
389,HDFCSENETF,5047.7,638.84,612.8,4020.65,638.99,515.15
390,HEG,925.9,1375.05,1274.35,727.2,2248.0,2044.3
391,HEIDELBERG,226.75,205.35,201.45,186.7,256.8,231.95
392,HERCULES,121.3,157.0,138.8,89.7,140.85,112.35
393,HERITGFOOD,296.6,340.1,330.7,321.55,456.55,311.55
394,HEROMOTOCO,3110.0,2362.45,2369.5,3147.3,2832.5,2823.7
395,HESTERBIO,1708.6,2803.6,2390.6,1698.7,2478.55,2212.8
396,HGINFRA,214.95,631.7,587.6,188.75,647.1,265.7
397,HIKAL,165.0,446.6,393.8,190.85,603.45,194.9
398,HIL,2283.75,4096.6,3920.6,1706.55,5146.5,3184.25
399,HILTON,11.55,35.6,27.85,10.4,13.3,11.6
400,HINDALCO,240.55,581.75,572.7,175.25,487.95,359.35
401,HINDCOMPOS,223.45,322.1,277.75,179.65,327.15,254.25
402,HINDCOPPER,61.15,122.6,115.25,33.2,109.95,140.4
403,HINDOILEXP,86.25,196.0,215.35,72.65,211.4,95.05
404,HINDPETRO,217.9,296.4,278.35,180.65,300.0,232.7
405,HINDUNILVR,2395.4,2183.05,2072.15,2068.25,2701.8,2397.45
406,HINDZINC,239.05,338.75,309.95,209.95,311.6,284.4
407,HISARMETAL,84.85,131.7,132.75,78.2,131.6,107.8
408,HITECH,203.45,533.45,510.35,118.1,584.3,370.35
409,HLVLTD,5.15,11.7,9.5,4.85,10.2,5.3
410,HMVL,57.45,71.35,65.75,48.65,74.55,57.75
411,HNDFDS,1546.25,1956.6,1969.65,959.35,1955.55,2005.4
412,HNGSNGBEES,354.08,312.57,300.49,328.54,316.32,372.45
413,HONAUT,37105.1,40794.6,39961.7,32590.85,45714.5,44345.6
414,HONDAPOWER,1045.65,1263.4,1231.9,1012.1,1258.5,931.2
415,HSCL,43.75,79.5,61.3,53.85,51.55,41.8
416,HSIL,118.7,328.25,318.6,79.75,232.05,144.8
417,HUDCO,39.7,37.35,34.3,32.4,45.05,40.95
418,IBMFNIFTY,139.46,184.47,176.87,127.07,176.03,147.07
419,IBREALEST,82.2,111.9,108.65,51.25,149.95,76.05
420,IBULHSGFIN,220.3,172.4,156.9,157.15,231.65,165.1
421,ICICI500,188.79,25.39,23.91,152.52,248.54,198.48
422,ICICIALPLV,138.2,175.29,169.81,120.85,178.82,143.88
423,ICICIB22,31.68,51.48,47.65,24.15,45.35,34.07
424,ICICIBANK,535.05,754.3,708.0,354.75,700.85,559.1
425,ICICIBANKN,311.36,376.49,355.71,213.68,373.72,310.02
426,ICICIBANKP,170.37,188.58,177.89,117.34,192.19,163.97
427,ICICIGI,1520.85,1380.2,1219.2,1299.5,1589.5,1399.0
428,ICICIGOLD,44.8,45.82,45.45,44.93,40.82,41.99
429,ICICILIQ,999.99,999.99,999.99,999.99,1000.0,999.99
430,ICICILOVOL,113.78,139.99,135.25,96.12,144.16,117.5
431,ICICIM150,79.2,117.93,108.91,65.0,114.99,88.97
432,ICICIMCAP,78.09,107.78,100.01,64.54,104.77,83.82
433,ICICINF100,151.46,195.89,185.73,122.22,192.92,156.28
434,ICICINIFTY,148.25,191.47,182.51,118.98,189.09,152.31
435,ICICINV20,71.49,100.1,96.37,58.02,96.71,76.97
436,ICICINXT50,32.9,44.45,41.32,27.41,43.28,34.7
437,ICICIPRULI,498.85,533.8,468.5,420.9,671.85,477.95
438,ICICISENSX,513.42,648.15,616.23,408.84,642.56,515.94
439,ICICITECH,243.61,362.25,363.66,199.9,356.22,260.08
440,ICIL,145.65,182.4,160.4,101.6,295.85,121.55
441,ICRA,2928.9,4221.15,3804.2,2823.5,3552.45,3237.1
442,IDBI,31.1,47.55,43.35,34.75,46.3,34.0
443,IDBIGOLD,4594.1,4754.0,4729.65,4550.0,4216.9,4299.95
444,IDEA,10.65,11.2,10.3,9.55,11.9,8.45
445,IDFC,37.0,63.4,58.95,32.3,54.95,45.7
446,IDFCFIRSTB,37.05,41.9,42.0,29.95,47.65,50.65
447,IDFNIFTYET,145.92,186.76,177.99,114.11,185.19,149.95
448,IEX,227.9,241.05,222.75,207.85,645.95,352.8
449,IFBAGRO,478.4,693.7,579.3,329.9,565.05,394.8
450,IFBIND,1168.5,994.45,880.35,601.15,1189.65,1025.8
451,IFCI,9.15,13.1,12.65,6.0,13.45,10.45
452,IFGLEXPOR,300.45,292.85,265.7,150.6,317.35,340.3
453,IGARASHI,338.4,395.4,360.15,284.5,521.25,325.2
454,IGL,502.35,383.3,390.55,386.8,533.1,504.2
455,IGPL,424.05,760.2,700.0,313.85,742.15,446.45
456,IIFL,113.75,332.55,288.95,79.55,287.0,251.85
457,IIFLSEC,48.15,100.05,87.75,38.8,97.6,47.4
458,IIFLWAM,1011.85,1810.35,1501.35,961.75,1572.0,1104.35
459,IMPAL,577.35,783.8,770.1,555.0,760.1,652.35
460,INDBANK,11.05,26.9,23.65,9.75,23.35,13.55
461,INDHOTEL,120.1,253.85,210.8,95.0,181.4,95.95
462,INDIACEM,169.2,225.7,212.35,117.05,200.3,164.95
463,INDIAGLYCO,309.05,1057.55,891.35,278.4,808.8,423.5
464,INDIAMART,6407.2,4924.5,4464.6,4995.05,8378.9,7764.4
465,INDIANB,85.7,170.15,151.25,56.3,140.35,100.7
466,INDIANHUME,189.0,193.15,189.6,169.6,200.85,167.2
467,INDIGO,1723.3,2000.15,1899.8,1249.1,2021.7,1554.3
468,INDNIPPON,347.7,470.6,456.5,342.85,350.0,352.25
469,INDOCO,304.05,398.1,385.45,256.25,449.25,320.25
470,INDORAMA,42.05,77.45,65.55,23.2,49.6,36.6
471,INDOSTAR,313.15,232.95,234.4,280.15,286.05,303.25
472,INDRAMEDCO,57.15,66.65,63.2,50.15,78.7,56.75
473,INDSWFTLAB,62.25,73.15,66.95,50.05,64.3,76.35
474,INDUSINDBK,894.95,985.6,928.65,527.4,1111.9,845.0
475,INEOSSTYRO,836.1,1106.2,966.7,497.7,1385.35,1085.9
476,INFIBEAM,85.55,20.15,21.0,74.4,41.35,40.75
477,INFRABEES,379.94,543.84,502.76,317.91,522.98,409.45
478,INFY,1255.8,1814.6,1889.4,1008.25,1675.2,1351.35
479,INGERRAND,651.75,1606.65,1467.85,590.1,981.7,679.3
480,INOXLEISUR,282.3,504.9,408.3,270.5,393.25,266.0
481,INOXWIND,61.45,108.75,109.1,39.0,98.0,71.1
482,INSECTICID,468.85,639.9,620.9,485.4,688.6,470.8
483,INTELLECT,315.05,957.5,761.8,223.25,709.95,714.05
484,INTENTECH,45.45,88.4,75.35,33.2,64.55,37.5
485,INVENTURE,16.95,3.85,4.1,17.3,2.7,24.6
486,IOB,10.7,19.35,17.95,9.2,22.75,16.15
487,IOC,90.95,126.95,121.95,73.9,125.3,87.8
488,IOLCP,740.6,505.6,406.7,726.0,593.8,594.2
489,IPCALAB,2188.8,1027.65,1000.1,2166.45,2411.35,2155.7
490,IRB,118.55,257.8,225.15,113.1,203.6,103.95
491,IRCON,87.5,43.45,41.2,79.55,45.2,87.0
492,IRCTC,1437.8,790.35,768.25,1384.0,3798.5,1640.05
493,ISEC,462.7,626.85,600.15,463.35,758.35,424.6
494,ISFT,69.8,196.3,200.9,78.55,125.05,88.45
495,ITC,209.0,267.8,242.6,171.7,236.15,203.55
496,ITDC,325.95,394.4,347.7,232.5,421.95,314.2
497,ITDCEM,66.6,69.4,64.9,51.2,76.2,73.75
498,ITI,126.55,104.55,97.25,124.85,124.5,103.85
499,IVZINGOLD,4543.7,4709.15,4615.8,4593.95,4121.05,4263.85
500,IVZINNIFTY,1496.56,1947.1,1846.6,1222.05,1924.55,1537.3
501,IZMO,47.05,95.45,84.8,34.5,91.6,64.45
502,J&KBANK,23.15,32.95,34.5,14.85,37.95,23.2
503,JAGRAN,42.65,67.5,64.95,37.25,59.5,57.6
504,JAGSNPHARM,71.55,328.65,245.8,37.5,156.35,92.75
505,JAICORPLTD,94.8,121.5,112.0,81.55,130.15,81.15
506,JAMNAAUTO,61.5,107.6,103.7,43.85,89.35,66.45
507,JASH,220.5,550.45,501.0,204.6,505.0,324.0
508,JAYAGROGN,118.55,251.05,226.35,93.0,252.25,132.1
509,JAYBARMARU,248.9,164.15,153.05,226.6,208.8,200.65
510,JAYSREETEA,70.55,113.2,98.2,58.85,106.0,66.9
511,JBCHEPHARM,1017.1,1642.35,1563.65,988.3,1866.95,1290.5
512,JBMA,278.05,514.95,456.7,234.6,520.5,342.05
513,JCHAC,2661.2,2253.75,1874.55,2223.3,2143.85,2429.15
514,JINDALPOLY,455.85,1178.1,1278.5,431.5,1025.85,734.05
515,JINDALSAW,75.85,96.75,88.05,62.9,114.05,72.7
516,JINDALSTEL,266.45,562.8,465.1,186.85,389.25,431.55
517,JINDRILL,86.4,242.85,222.75,77.4,138.65,89.65
518,JINDWORLD,55.25,292.05,308.45,47.75,92.05,45.1
519,JISLJALEQS,19.05,46.0,40.7,14.05,35.8,16.55
520,JKCEMENT,1916.8,2797.9,2486.4,1506.85,3107.75,2859.0
521,JKIL,133.1,189.05,169.9,105.6,188.45,178.9
522,JKLAKSHMI,339.9,460.05,442.4,257.5,617.9,400.25
523,JKPAPER,106.35,331.45,306.9,90.65,229.3,128.75
524,JKTYRE,75.0,135.95,107.1,59.15,150.4,107.05
525,JMA,32.3,80.45,70.15,24.95,60.4,37.35
526,JMCPROJECT,68.3,88.85,83.2,50.15,112.0,76.3
527,JMFINANCIL,84.45,70.4,65.5,77.25,92.55,79.55
528,JOCIL,181.6,215.55,166.65,163.4,226.95,160.4
529,JPASSOCIAT,7.4,10.9,8.95,3.1,8.8,6.85
530,JPPOWER,3.2,8.25,7.1,2.4,4.35,2.95
531,JSL,75.7,203.45,179.85,44.35,162.0,75.85
532,JSLHISAR,141.55,389.85,344.5,85.8,288.6,148.65
533,JSWHL,3851.65,4316.85,4048.45,2257.45,4691.05,3886.5
534,JSWSTEEL,387.2,756.6,655.25,277.75,668.3,620.6
535,JTEKTINDIA,87.9,81.7,73.45,75.3,106.05,81.8
536,JUBLFOOD,2791.15,2791.85,2563.45,2344.35,4040.9,2830.15
537,JUBLINDS,233.05,509.6,504.6,129.15,492.1,206.05
538,JUNIORBEES,340.27,458.3,426.2,282.18,444.29,357.82
539,JUSTDIAL,633.0,793.3,755.6,380.1,989.2,864.25
540,JYOTHYLAB,146.35,153.7,144.2,147.05,168.6,142.15
541,KABRAEXTRU,97.5,489.05,479.5,73.3,248.8,167.6
542,KAJARIACER,703.6,1039.3,1027.85,553.5,1197.0,881.4
543,KAKATCEM,192.75,260.6,226.15,146.55,238.4,188.1
544,KALPATPOWR,320.7,398.3,368.1,244.95,404.2,355.35
545,KAMATHOTEL,38.05,76.7,62.5,31.4,52.95,29.25
546,KAMDHENU,113.95,242.8,204.1,68.7,208.2,143.5
547,KANSAINER,607.75,464.2,448.6,500.75,633.25,548.4
548,KARURVYSYA,45.75,52.15,47.15,32.6,47.9,52.25
549,KAYA,275.0,388.05,354.65,218.4,457.55,235.45
550,KCP,72.7,125.25,116.9,59.5,135.6,93.95
551,KCPSUGIND,16.35,32.1,27.35,14.2,21.7,14.85
552,KDDL,231.75,1000.45,840.7,152.0,431.1,372.65
553,KEC,363.95,397.85,400.3,344.5,443.1,417.9
554,KECL,15.8,27.7,24.95,10.25,16.85,13.05
555,KEI,476.75,1275.75,1004.25,348.8,927.1,495.0
556,KELLTONTEC,74.15,97.5,88.6,39.05,50.25,63.5
557,KENNAMET,847.35,2082.85,2071.0,729.05,1349.45,1045.8
558,KESORAMIND,63.65,61.15,51.85,37.7,63.35,68.15
559,KEYFINSERV,83.9,109.7,109.25,37.0,78.6,56.7
560,KHADIM,125.85,238.8,238.0,116.0,222.2,128.8
561,KICL,1429.85,1793.75,1575.4,1294.85,2112.0,1417.6
562,KINGFA,567.85,1309.55,1098.3,494.4,998.25,596.4
563,KIOCL,138.5,233.05,229.1,124.45,243.8,143.9
564,KIRIINDUS,537.6,523.0,530.0,505.8,512.5,409.1
565,KIRLFER,140.05,244.15,219.85,90.25,242.5,185.8
566,KIRLOSBROS,129.0,333.65,302.0,114.85,394.3,221.45
567,KIRLOSENG,126.95,164.25,136.3,107.75,207.8,165.05
568,KIRLOSIND,808.05,1591.55,1611.9,658.8,1691.8,1230.8
569,KITEX,110.3,251.45,237.55,101.7,166.35,96.5
570,KKCL,835.8,217.2,209.3,739.4,913.35,833.65
571,KMSUGAR,11.95,38.65,32.9,10.65,25.55,11.85
572,KNRCON,324.4,287.4,286.05,256.25,286.75,201.8
573,KOKUYOCMLN,65.9,65.5,60.85,57.9,68.05,53.8
574,KOLTEPATIL,244.0,291.45,287.15,158.2,325.6,219.75
575,KOTAKBANK,1995.6,1784.5,1760.5,1268.2,2005.5,1697.7
576,KOTAKBKETF,314.47,381.38,360.13,216.25,378.93,314.17
577,KOTAKGOLD,439.0,44.88,43.98,441.25,40.12,412.95
578,KOTAKNIFTY,145.65,188.14,179.21,117.01,185.81,149.71
579,KOTAKNV20,72.51,101.44,97.92,59.49,98.38,79.49
580,KOTAKPSUBK,173.65,286.87,264.16,125.63,243.13,191.09
581,KOTARISUG,19.35,43.8,40.4,15.05,31.05,25.15
582,KOTHARIPET,23.3,97.1,96.8,16.05,51.8,24.6
583,KPITTECH,142.0,615.3,576.75,122.35,341.75,192.9
584,KPRMILL,874.95,672.3,614.0,650.1,425.25,1220.4
585,KRBL,244.8,228.4,206.1,289.85,316.15,176.1
586,KREBSBIO,139.05,167.45,151.55,89.8,173.0,112.75
587,KSB,644.4,1322.15,1133.45,479.05,1221.2,884.25
588,KSCL,520.0,604.15,522.25,531.25,579.1,585.95
589,KSL,280.35,329.65,300.95,220.5,384.6,343.1
590,KTKBANK,57.75,62.35,58.05,40.65,68.15,59.6
591,KUANTUM,55.75,87.4,90.2,41.65,80.45,60.5
592,L&TFH,93.7,85.1,66.6,62.1,90.95,90.75
593,LALPATHLAB,2305.25,2803.75,2699.4,1879.75,3676.8,2904.75
594,LAOPALA,238.3,381.25,362.55,220.8,309.8,203.3
595,LASA,84.6,54.65,43.0,67.65,77.1,63.2
596,LAURUSLABS,353.15,605.1,579.0,287.15,616.45,443.25
597,LAXMIMACH,4603.05,9794.55,9882.1,3512.7,8171.8,6005.45
598,LEMONTREE,40.25,66.7,54.5,27.9,45.4,30.05
599,LFIC,70.1,111.7,97.5,59.65,79.05,78.6
600,LGBBROSLTD,304.55,596.55,552.2,224.7,448.8,297.95
601,LIBERTSHOE,152.65,162.75,147.3,150.55,170.9,118.75
602,LICHSGFIN,361.25,391.2,362.9,275.8,427.05,382.55
603,LICNETFGSC,22.05,22.27,22.19,21.19,23.16,21.72
604,LICNETFN50,141.42,191.07,180.65,116.95,188.17,161.67
605,LICNETFSEN,488.02,636.09,605.99,414.0,637.39,511.99
606,LICNFNHGP,140.84,191.35,180.86,114.8,177.81,157.0
607,LINCOLN,243.1,341.0,309.6,260.45,411.25,244.85
608,LINDEINDIA,972.5,3938.8,3192.4,777.1,2604.45,1870.3
609,LIQUIDBEES,1000.0,1000.0,999.99,1000.0,1000.0,1000.0
610,LIQUIDETF,999.99,1000.0,999.99,1000.0,999.99,1000.0
611,LT,1287.6,1830.75,1756.2,901.6,1702.95,1331.5
612,LTI,3659.5,6153.2,6025.7,2543.55,5765.15,3969.25
613,LTTS,2339.6,4993.0,4754.9,1618.05,4697.55,2608.65
614,LUMAXIND,1367.75,1015.2,942.7,1322.8,1445.55,1562.3
615,LUMAXTECH,125.4,178.05,171.2,98.0,140.05,146.7
616,LUPIN,976.85,782.05,749.6,1007.4,951.6,1089.8
617,LUXIND,1652.1,2413.05,2424.6,1450.55,3520.45,1876.75
618,M&M,720.6,857.4,773.65,607.9,803.05,811.15
619,M&MFIN,174.9,175.05,152.8,123.1,185.2,170.4
620,MADHAV,42.65,54.75,51.6,25.95,55.7,45.3
621,MAGADSUGAR,116.5,362.3,335.5,117.6,295.55,114.75
622,MAHABANK,13.05,18.8,17.9,11.15,20.05,22.7
623,MAHASTEEL,96.85,84.3,72.95,106.9,93.25,76.15
624,MAHEPC,156.1,102.3,99.4,149.5,135.0,140.0
625,MAHINDCIE,172.0,202.75,178.65,134.8,236.15,151.75
626,MAHLIFE,364.7,381.05,307.35,234.75,276.2,469.5
627,MAHLOG,413.75,518.45,444.4,343.55,732.45,520.15
628,MAHSCOOTER,3794.25,3909.4,3415.8,2856.4,4653.95,3367.1
629,MAHSEAMLES,318.7,594.05,559.8,220.5,316.45,268.85
630,MAITHANALL,574.1,1452.4,1339.65,500.75,1172.7,714.8
631,MAN50ETF,142.59,184.07,175.42,114.6,181.45,146.29
632,MANAKSIA,57.8,79.8,75.5,40.0,65.35,53.0
633,MANAKSTEEL,24.45,49.0,43.5,10.2,31.85,22.6
634,MANALIPETC,35.9,126.45,106.7,34.65,119.85,68.9
635,MANAPPURAM,165.5,122.6,116.75,157.15,169.15,141.8
636,MANGALAM,140.65,117.1,115.2,132.2,149.8,123.45
637,MANGCHEFER,43.5,109.2,71.5,29.45,75.45,68.95
638,MANGLMCEM,234.15,397.45,388.4,177.45,463.35,274.3
639,MANINFRA,34.05,113.2,102.8,26.7,109.9,35.9
640,MANUGRAPH,10.85,14.8,16.4,9.4,12.35,10.3
641,MANXT50,322.19,436.85,405.93,269.6,423.23,340.92
642,MARATHON,101.6,131.2,101.6,51.15,102.65,50.4
643,MARICO,402.65,517.8,525.45,363.0,547.5,410.2
644,MARKSANS,60.65,58.9,48.8,50.2,69.0,58.35
645,MARUTI,7649.6,7557.95,7485.8,6743.45,7338.05,6646.65
646,MASFIN,927.4,618.8,573.45,794.1,780.0,764.95
647,MASTEK,1132.45,3185.05,3086.0,864.3,3119.0,1380.6
648,MATRIMONY,910.25,706.05,697.05,664.8,971.5,871.4
649,MAXHEALTH,140.15,361.1,350.65,115.35,359.55,235.65
650,MAXIND,62.15,76.05,74.8,59.3,72.6,64.8
651,MAXVIL,43.0,109.7,108.3,37.3,116.65,55.35
652,MAYURUNIQ,310.05,391.5,374.3,259.95,463.15,398.7
653,MAZDA,507.15,520.4,492.0,564.5,674.85,436.8
654,MBLINFRA,23.15,26.75,28.05,8.05,18.8,16.75
655,MCDOWELL-N,578.25,903.1,877.25,515.85,853.1,522.9
656,MCX,1730.7,1467.85,1412.8,1722.8,1658.65,1460.95
657,MEP,18.45,20.25,20.2,12.65,20.9,15.35
658,METROPOLIS,1961.3,2475.3,1972.65,1794.05,2700.8,2444.75
659,MFSL,675.05,801.2,780.9,612.2,1014.3,848.4
660,MGL,1061.2,828.8,768.85,830.05,1082.65,1076.35
661,MHRIL,215.25,250.7,210.95,168.25,245.8,198.0
662,MIDHANI,200.35,201.75,170.3,196.05,187.8,177.9
663,MINDACORP,89.7,227.4,200.7,73.2,127.05,95.95
664,MINDAIND,399.35,957.3,1016.25,330.8,738.7,523.55
665,MINDTREE,1660.35,4303.2,3948.75,1338.5,4200.1,2042.0
666,MIRZAINT,57.05,194.5,163.8,50.6,59.25,43.85
667,MMFL,416.75,908.25,808.4,321.45,797.1,450.35
668,MMP,81.35,197.8,199.35,76.5,149.9,84.1
669,MMTC,26.45,51.55,47.25,16.2,44.9,38.7
670,MOIL,143.05,188.35,172.15,140.25,163.6,152.65
671,MOLDTKPAC,284.5,796.6,726.5,285.1,584.85,400.2
672,MONTECARLO,254.1,546.25,500.1,171.95,358.95,221.85
673,MOREPENLAB,30.7,46.05,40.0,24.5,56.65,43.4
674,MOTHERSUMI,165.2,144.25,133.3,114.85,225.95,204.35
675,MOTILALOFS,601.15,914.5,831.75,650.2,858.75,582.7
676,MPHASIS,1539.95,3161.15,3098.0,1383.45,3104.4,1657.65
677,MPSLTD,363.95,629.85,619.05,404.45,666.35,620.85
678,MRF,75750.45,67782.85,68370.45,59572.2,79375.55,79339.8
679,MRPL,35.45,50.4,42.35,25.7,46.7,37.0
680,MSPL,8.0,12.95,11.7,6.3,9.4,10.15
681,MSTCLTD,163.8,351.15,314.6,164.25,310.4,252.8
682,MTEDUCARE,9.0,9.95,8.9,10.75,8.45,6.55
683,MTNL,13.8,28.05,22.95,8.3,19.05,15.1
684,MUKTAARTS,32.45,52.2,44.3,26.1,42.3,28.7
685,MUNJALAU,60.6,47.8,45.55,59.55,58.7,49.6
686,MUNJALSHOW,142.5,111.2,103.1,127.45,140.4,127.95
687,MURUDCERA,22.35,28.25,25.55,14.6,25.35,19.0
688,MUTHOOTCAP,398.7,282.05,284.45,385.3,395.55,365.45
689,MUTHOOTFIN,1210.55,1374.95,1331.05,1132.1,1450.3,1141.95
690,NACLIND,45.7,91.85,80.95,38.25,77.85,37.45
691,NAHARCAP,88.0,600.15,599.2,63.3,271.35,89.55
692,NAHARPOLY,95.9,567.2,515.9,65.45,243.5,105.2
693,NAM-INDIA,297.4,336.25,335.7,262.1,425.35,327.7
694,NATCOPHARM,961.95,837.25,839.25,949.9,891.55,893.25
695,NATHBIOGEN,273.95,245.7,214.15,284.8,327.6,323.0
696,NATIONALUM,43.1,126.85,117.0,32.25,93.4,56.6
697,NAUKRI,4757.9,4850.15,4474.5,3634.7,6431.4,4777.0
698,NAVINFLUOR,2612.2,4095.45,3954.3,2202.35,3684.75,3013.0
699,NAVKARCORP,42.95,37.8,35.05,25.05,41.25,32.45
700,NAVNETEDUL,84.05,107.7,86.15,76.05,111.65,74.15
701,NBCC,29.15,40.4,38.6,23.6,48.7,39.75
702,NBIFIN,1663.15,2294.9,2300.0,1598.6,2653.05,2000.05
703,NBVENTURES,63.35,148.1,123.9,56.8,122.1,72.65
704,NCC,57.65,68.7,61.4,35.6,82.45,74.95
705,NCLIND,147.35,194.85,181.25,106.35,218.85,175.2
706,NDTV,39.6,210.0,197.05,31.95,86.25,56.05
707,NECCLTD,9.25,33.2,19.9,8.25,18.45,7.85
708,NECLIFE,23.9,32.35,27.05,22.75,29.4,21.75
709,NELCAST,62.85,71.95,66.45,60.4,87.3,63.1
710,NEOGEN,726.9,1663.8,1602.0,670.95,1238.55,873.5
711,NESCO,549.05,591.7,537.55,538.65,606.9,469.3
712,NESTLEIND,18390.25,18452.8,17823.4,15918.65,19445.55,17095.65
713,NETF,171.01,184.76,174.52,131.01,215.91,179.9
714,NETFCONSUM,63.62,77.35,73.14,53.66,77.97,64.7
715,NETFDIVOPP,33.97,47.12,44.69,28.19,45.62,37.6
716,NETFIT,24.54,36.32,36.45,20.0,35.7,26.1
717,NETFLTGILT,22.46,22.34,22.5,21.91,22.77,22.25
718,NETFMID150,79.51,118.11,109.21,65.14,114.71,89.32
719,NETFNIF100,140.28,187.32,177.74,115.5,184.47,148.38
720,NETFNV20,73.12,102.8,99.64,60.2,99.74,79.8
721,NETWORK18,35.9,97.2,77.75,33.05,51.95,38.6
722,NEULANDLAB,1095.3,1304.6,1176.65,1147.7,1555.75,2672.7
723,NFL,37.7,60.6,50.55,32.35,59.55,52.25
724,NH,448.15,739.9,690.75,358.0,502.3,390.6
725,NHPC,22.65,30.55,28.3,20.2,29.85,23.7
726,NIACL,128.85,121.45,124.75,104.6,163.2,148.6
727,NIFTYBEES,149.07,192.76,183.66,119.93,190.11,153.29
728,NIITLTD,202.25,652.1,475.95,133.15,372.3,171.6
729,NILKAMAL,1496.75,2250.25,2148.85,1312.15,2833.4,1907.85
730,NIPPOBATRY,719.95,413.95,410.05,553.0,976.7,756.0
731,NITCO,25.4,26.85,24.2,16.55,22.75,18.35
732,NLCINDIA,55.05,71.1,62.65,49.5,61.35,46.75
733,NMDC,114.45,174.45,150.55,82.25,143.0,137.6
734,NOCIL,143.55,242.2,213.3,142.0,290.7,169.85
735,NPBET,166.0,193.03,182.25,115.22,193.37,173.05
736,NRAIL,221.3,286.15,267.75,194.4,323.25,208.8
737,NRBBEARING,100.75,128.8,115.0,72.75,140.65,99.75
738,NSIL,964.8,2130.3,1569.9,753.0,1770.25,1235.4
739,NTPC,99.35,152.05,132.75,85.1,141.85,99.05
740,NUCLEUS,631.3,456.15,436.7,670.35,583.55,515.55
741,NXTDIGITAL,529.8,420.05,417.65,646.4,419.95,469.4
742,OAL,556.5,701.5,668.8,351.0,898.9,716.3
743,OBEROIRLTY,583.4,957.9,926.55,394.2,964.2,533.25
744,OCCL,824.25,897.05,801.35,751.25,1060.05,871.05
745,OFSS,3212.5,3700.2,3533.3,3072.55,4555.95,3296.85
746,OIL,107.4,234.95,234.3,89.3,260.2,116.9
747,OMAXE,82.45,97.95,84.9,67.15,77.6,66.4
748,ONGC,93.05,170.9,167.3,69.25,144.5,102.85
749,ONMOBILE,68.05,158.05,118.5,44.45,113.35,99.2
750,ONWARDTEC,107.15,397.55,356.2,63.3,227.55,110.45
751,ORBTEXP,71.75,130.15,117.15,57.35,78.05,56.1
752,ORIENTABRA,22.65,31.75,27.75,19.8,28.45,21.25
753,ORIENTBELL,198.35,571.05,524.75,99.8,356.95,209.3
754,ORIENTCEM,86.95,152.65,143.7,61.25,158.95,107.0
755,ORIENTELEC,224.7,348.25,316.95,181.45,331.85,280.45
756,ORIENTHOT,24.95,67.1,60.45,20.7,38.5,22.15
757,ORIENTLTD,80.85,72.9,74.6,75.45,70.95,81.55
758,ORIENTPPR,20.85,34.75,33.95,16.45,30.65,22.35
759,ORISSAMINE,2534.4,3096.75,2789.7,2218.6,2863.95,2307.5
760,OSWALAGRO,10.35,33.0,30.25,9.6,17.15,8.9
761,PAGEIND,27610.25,44983.9,42354.95,21335.95,31704.9,30248.8
762,PAISALO,702.75,802.3,623.95,419.2,892.6,644.7
763,PANAMAPET,98.15,304.45,260.05,54.5,266.25,148.85
764,PARAGMILK,114.35,109.1,100.7,106.35,125.95,106.9
765,PATINTLOG,30.5,16.05,14.6,23.7,21.9,17.7
766,PCJEWELLER,25.35,24.1,20.7,14.0,26.65,22.15
767,PDMJEPAPER,22.0,41.35,42.2,14.4,41.2,21.8
768,PEARLPOLY,20.55,20.4,18.5,17.8,14.9,16.65
769,PEL,1428.65,2340.5,2161.4,1253.5,2595.8,1704.0
770,PENIND,22.9,39.65,36.45,16.05,29.05,16.7
771,PERSISTENT,1517.15,4710.9,4428.45,1341.25,3716.3,1906.7
772,PETRONET,247.6,201.05,204.9,220.65,238.55,219.85
773,PFC,114.3,121.85,112.45,86.2,142.1,105.55
774,PFIZER,5106.8,4485.75,4344.75,4899.65,5581.1,5492.35
775,PFOCUS,52.35,86.45,87.65,42.05,73.65,69.25
776,PFS,19.8,19.5,16.5,18.0,20.3,16.6
777,PGHH,11072.3,14485.15,15318.75,9946.7,14073.8,13624.35
778,PGHL,6817.5,4401.35,4318.3,4999.2,5403.6,6281.25
779,PGIL,200.2,451.35,417.2,147.15,314.05,180.65
780,PHOENIXLTD,774.55,1096.55,991.3,582.7,958.45,688.4
781,PIDILITIND,1765.65,2525.15,2462.9,1434.25,2381.95,1773.1
782,PIIND,2195.05,2919.9,2728.6,1971.5,3178.35,2542.0
783,PILANIINVS,2088.6,1863.5,1691.4,1552.45,1896.9,1651.1
784,PIONDIST,115.65,180.6,172.45,100.25,170.9,101.35
785,PIONEEREMB,37.6,57.0,51.25,22.05,62.4,41.8
786,PITTIENG,55.8,330.2,256.2,31.35,153.55,63.8
787,PLASTIBLEN,264.15,234.5,211.75,193.4,273.3,214.2
788,PNB,33.05,37.75,35.9,28.55,40.1,33.7
789,PNBGILTS,44.0,64.05,62.7,39.9,67.65,50.05
790,PNBHOUSING,364.4,414.8,397.45,338.15,621.9,360.05
791,PNCINFRA,176.7,258.4,244.8,156.2,382.85,236.3
792,PODDARMENT,194.7,321.15,277.05,190.6,349.4,211.15
793,POLYCAB,1036.85,2689.25,2418.5,819.9,2389.0,1413.05
794,POLYMED,506.2,891.5,812.25,458.55,927.15,892.45
795,POLYPLEX,710.95,2697.8,2073.7,700.05,1727.3,880.4
796,POWERGRID,189.85,232.6,209.35,162.45,189.9,203.7
797,POWERINDIA,1292.65,3462.35,3409.0,924.35,2438.8,1501.8
798,POWERMECH,432.95,870.35,885.0,403.45,933.0,568.05
799,PPAP,261.95,213.95,221.3,238.55,243.5,187.15
800,PPL,116.2,172.75,171.15,71.25,158.75,122.5
801,PRAKASH,55.0,82.3,70.6,39.55,66.95,74.6
802,PRECAM,45.85,145.5,144.25,34.0,95.05,42.9
803,PREMIERPOL,44.05,90.15,76.35,24.0,68.05,36.1
804,PRESSMN,23.85,45.15,44.1,17.35,27.7,21.25
805,PRESTIGE,266.1,516.4,459.8,251.85,490.85,275.1
806,PRICOLLTD,46.6,134.1,122.55,46.95,99.35,71.15
807,PRINCEPIPE,298.2,711.3,652.6,249.7,692.0,507.7
808,PRSMJOHNSN,88.55,126.1,122.75,55.7,124.85,129.15
809,PSB,13.3,17.15,15.7,11.1,17.55,16.85
810,PSPPROJECT,413.95,558.0,519.0,404.05,482.4,412.95
811,PSUBNKBEES,19.19,32.01,29.58,14.07,27.15,21.26
812,PTC,58.7,96.7,82.95,47.55,115.85,83.55
813,PTL,44.3,34.5,31.9,39.2,46.95,36.0
814,PUNJABCHEM,778.15,1467.4,1345.05,642.55,1565.25,850.85
815,PURVA,84.2,115.75,112.95,42.85,135.35,65.5
816,PVR,1320.2,1880.35,1723.2,1213.2,1599.35,1077.05
817,QGOLDHALF,2173.9,44.43,44.01,2195.5,1980.1,2040.7
818,QUESS,546.8,703.25,579.0,412.6,916.2,541.7
819,QUICKHEAL,172.65,198.05,183.5,158.05,236.3,190.55
820,RADICO,457.3,910.2,899.25,406.3,881.0,513.55
821,RAIN,126.8,194.85,183.25,102.6,240.9,160.7
822,RAJESHEXPO,490.55,648.2,713.9,447.05,587.0,495.15
823,RALLIS,281.25,266.95,247.65,284.9,285.9,270.6
824,RAMANEWS,16.3,20.5,19.6,13.6,19.5,14.3
825,RAMCOCEM,796.4,812.35,749.85,753.5,984.65,966.7
826,RAMCOIND,225.15,239.9,221.0,176.6,297.5,251.6
827,RAMCOSYS,599.75,363.15,290.9,424.5,480.05,507.6
828,RANEENGINE,274.75,259.45,268.2,189.75,297.4,254.25
829,RANEHOLDIN,673.8,636.8,600.8,410.15,599.2,565.4
830,RATNAMANI,1576.3,2445.0,2223.8,1235.2,2186.35,1922.0
831,RAYMOND,337.95,875.85,702.6,290.7,459.0,315.9
832,RBL,780.0,651.4,699.55,555.85,867.6,825.4
833,RBLBANK,231.05,128.1,133.3,169.9,190.9,174.55
834,RCF,53.6,104.3,79.05,42.6,82.7,71.3
835,RECLTD,133.9,133.8,123.4,99.1,157.85,125.6
836,REDINGTON,132.2,153.45,147.4,118.25,139.4,175.65
837,RELAXO,809.7,1169.75,1150.05,666.65,1141.05,891.0
838,RELIANCE,1985.3,2615.65,2403.35,2234.35,2519.25,1901.15
839,RELIGARE,69.65,133.8,112.8,45.0,177.55,89.55
840,REPCOHOME,233.0,193.45,192.75,165.65,313.35,309.1
841,REPRO,408.1,423.9,422.0,388.25,552.9,338.85
842,RESPONIND,186.45,172.85,177.55,104.55,122.5,159.0
843,REVATHI,470.45,687.45,676.15,426.25,591.6,484.1
844,RGL,284.45,783.2,809.75,249.65,797.35,372.45
845,RICOAUTO,36.5,36.15,35.75,29.1,47.75,38.85
846,RIIL,403.7,830.45,763.95,373.7,692.2,353.3
847,RITES,271.6,260.8,258.55,253.35,273.45,236.9
848,RKFORGE,479.15,187.75,184.5,332.35,1082.55,510.4
849,RML,268.85,373.95,361.65,211.25,393.3,334.6
850,ROSSARI,939.25,973.5,948.3,797.3,1451.25,1053.15
851,ROSSELLIND,127.6,191.65,163.15,150.0,156.75,106.15
852,ROUTE,1098.6,1606.35,1548.2,806.75,1949.85,1489.35
853,RPGLIFE,368.9,598.25,500.9,399.05,686.15,477.7
854,RPPINFRA,54.9,50.3,47.35,50.05,66.3,57.35
855,RSSOFTWARE,25.75,37.3,33.55,20.8,32.8,25.2
856,RSYSTEMS,121.2,279.35,252.65,111.45,214.6,117.45
857,RUBYMILLS,198.05,340.9,314.45,165.2,277.95,164.55
858,RUPA,306.65,452.35,461.65,193.05,450.9,297.35
859,RUSHIL,142.75,558.8,457.5,73.6,253.3,195.75
860,RVNL,24.0,34.6,33.15,19.4,30.2,26.75
861,SADBHAV,62.5,32.95,30.7,48.2,48.8,60.2
862,SADBHIN,21.15,11.45,10.85,17.3,16.65,19.05
863,SAFARI,517.95,967.8,930.2,392.15,869.0,575.1
864,SAGCEM,655.25,267.6,226.5,516.0,294.55,745.15
865,SAIL,74.1,110.9,97.2,33.75,113.65,89.0
866,SAKAR,98.25,144.65,113.55,78.95,158.2,106.9
867,SAKSOFT,387.45,944.2,924.5,369.4,1086.05,480.15
868,SALASAR,236.15,236.4,226.95,198.95,281.4,447.0
869,SALZERELEC,127.8,195.4,177.5,92.6,161.2,118.7
870,SANDESH,633.0,716.7,669.4,501.8,786.05,657.45
871,SANDHAR,230.0,236.3,215.3,244.95,275.8,194.15
872,SANGHIIND,34.8,50.65,46.6,25.55,67.5,41.65
873,SANGHVIMOV,107.95,198.6,186.95,81.5,192.9,134.3
874,SANGINITA,28.5,25.3,23.15,69.65,25.95,20.75
875,SANOFI,8326.95,7849.0,7425.6,8640.65,7799.8,7682.05
876,SARDAEN,335.5,1146.65,1039.35,229.6,711.25,436.35
877,SARLAPOLY,24.05,61.55,57.3,18.0,48.85,24.8
878,SASKEN,811.35,956.6,926.7,696.5,1340.5,945.55
879,SATIA,92.2,125.05,111.9,112.0,96.45,75.9
880,SBICARD,851.05,854.35,836.4,847.6,1029.6,964.8
881,SBIETFQLTY,125.27,153.47,149.05,106.26,155.78,125.69
882,SBILIFE,904.25,1160.45,1085.75,811.45,1215.1,898.95
883,SBIN,274.95,516.1,492.75,185.4,453.0,329.5
884,SCHAEFFLER,4536.25,2011.75,1788.95,3541.3,7558.55,5029.8
885,SCHNEIDER,84.35,127.85,107.75,82.9,114.35,87.9
886,SCI,88.35,128.75,115.2,52.4,121.25,99.25
887,SEAMECLTD,449.85,1365.7,1100.95,434.65,1179.7,408.6
888,SELAN,124.65,200.5,148.3,105.45,152.0,118.7
889,SEQUENT,169.55,148.0,127.7,153.7,219.75,253.45
890,SESHAPAPER,151.15,182.95,185.75,136.4,184.7,153.25
891,SETF10GILT,202.58,200.04,202.6,199.9,205.86,203.37
892,SETFGOLD,4498.3,45.79,45.18,4508.55,4084.05,4217.95
893,SETFNIF50,144.89,182.4,173.66,116.27,179.98,144.94
894,SETFNIFBK,311.05,377.54,356.38,213.63,374.5,310.18
895,SETFNN50,334.99,452.32,420.86,279.93,439.26,353.8
896,SFL,1739.9,3806.65,3379.85,1326.7,2338.3,2034.95
897,SGL,8.4,32.65,29.95,8.1,12.65,8.5
898,SHALBY,108.65,132.85,123.3,87.7,175.5,123.8
899,SHALPAINTS,89.8,138.35,135.5,65.95,92.9,83.45
900,SHANKARA,349.25,768.1,741.25,343.5,591.7,363.55
901,SHANTIGEAR,121.65,186.0,189.8,105.4,164.3,132.05
902,SHARDACROP,269.4,705.25,553.7,262.5,330.6,284.25
903,SHAREINDIA,180.15,1301.85,1056.65,103.7,654.05,313.65
904,SHARIABEES,353.9,446.42,444.16,294.05,449.94,367.94
905,SHILPAMED,450.3,455.05,413.8,559.6,556.9,403.75
906,SHIVAMAUTO,20.35,33.15,28.15,15.3,22.1,15.9
907,SHIVATEX,114.65,226.55,230.15,91.45,178.0,130.05
908,SHK,120.5,153.85,142.95,83.4,160.35,128.7
909,SHOPERSTOP,199.65,458.3,387.05,173.05,263.4,191.3
910,SHREDIGCEM,61.4,75.95,71.75,52.4,77.75,64.3
911,SHREECEM,24013.2,25260.65,23595.45,20256.95,28901.55,29320.7
912,SHREEPUSHK,138.7,283.75,263.1,115.85,222.7,142.0
913,SHREYANIND,89.35,135.85,117.3,74.75,132.35,81.35
914,SHRIRAMCIT,1061.9,1743.15,1581.85,948.75,2033.25,1430.35
915,SHYAMCENT,6.55,29.95,19.25,4.05,14.4,5.35
916,SIEMENS,1575.55,2518.6,2359.2,1264.5,2129.4,1795.9
917,SIGIND,25.8,43.6,42.7,18.0,44.45,27.45
918,SIMPLEXINF,41.2,63.75,40.05,31.3,42.25,28.25
919,SIS,429.45,515.1,474.75,366.35,495.2,362.15
920,SIYSIL,195.8,551.3,429.95,140.75,370.85,187.25
921,SJVN,24.85,28.9,27.75,21.95,28.15,24.85
922,SKFINDIA,1705.35,3498.45,3282.25,1461.5,3091.25,2155.6
923,SKIPPER,61.95,64.45,61.2,47.35,81.3,53.1
924,SKMEGGPROD,58.5,68.95,64.7,36.65,81.5,45.85
925,SMLISUZU,482.55,720.7,499.3,396.75,563.5,457.35
926,SMSLIFE,655.75,790.55,727.15,624.4,749.25,641.5
927,SMSPHARMA,118.15,104.7,97.55,88.5,155.2,146.9
928,SNOWMAN,66.4,35.7,32.4,35.7,42.95,50.05
929,SOBHA,414.65,709.0,728.45,222.5,789.85,502.85
930,SOLARA,1191.55,785.65,710.15,1076.1,1599.6,1452.7
931,SOLARINDS,1093.95,3000.05,2405.75,1034.6,2118.3,1248.5
932,SOMANYCERA,330.1,658.9,673.1,194.8,755.2,419.05
933,SONATSOFTW,394.55,799.95,757.1,314.15,874.8,580.15
934,SORILINFRA,136.45,82.55,79.1,64.6,107.8,117.05
935,SOTL,729.65,1180.25,1029.75,679.15,1520.35,990.85
936,SOUTHBANK,9.0,8.6,7.95,6.75,10.2,7.75
937,SOUTHWEST,42.0,200.0,195.25,25.85,104.55,48.75
938,SPAL,157.85,382.35,387.7,134.3,340.4,145.45
939,SPANDANA,750.65,438.25,375.35,510.4,569.85,529.0
940,SPARC,193.75,291.85,266.8,173.7,295.85,165.5
941,SPECIALITY,49.0,162.6,154.55,37.15,73.95,37.85
942,SPENCERS,85.25,88.65,79.6,75.55,127.15,68.85
943,SPIC,24.05,76.6,57.3,19.0,53.15,29.0
944,SPICEJET,94.95,59.05,60.25,48.25,75.15,61.45
945,SPLIL,34.0,66.05,56.85,27.4,46.85,33.05
946,SREEL,146.4,183.45,184.2,132.95,184.95,139.75
947,SRF,5573.9,2747.6,2469.2,4130.1,11279.1,6150.5
948,SRHHYPOLTD,247.05,455.5,502.8,168.7,329.8,240.05
949,SRTRANSFIN,1046.5,1207.2,1109.5,619.35,1298.85,1345.05
950,STAR,878.2,380.1,329.4,719.55,589.5,901.5
951,STARCEMENT,100.2,93.15,94.0,83.95,107.25,97.0
952,STARPAPER,114.5,170.1,166.5,90.15,154.45,109.8
953,STCINDIA,81.45,107.75,100.2,55.65,102.1,75.15
954,STEELCITY,34.3,61.0,61.05,31.65,58.55,34.9
955,STERTOOLS,195.5,153.4,149.1,179.35,196.7,178.8
956,SUBROS,343.15,345.35,333.35,256.45,328.5,291.35
957,SUDARSCHEM,479.4,538.85,544.45,484.65,658.15,551.1
958,SUMICHEM,292.55,426.3,397.8,288.0,402.15,289.95
959,SUMMITSEC,539.7,712.95,606.2,406.4,774.95,496.2
960,SUNCLAYLTD,2658.55,3687.4,3598.55,1626.65,3421.55,2878.6
961,SUNDARMFIN,1804.25,2075.4,1848.6,1300.6,2450.15,2273.95
962,SUNDARMHLD,76.8,75.65,73.55,61.0,75.2,71.6
963,SUNDRMBRAK,308.15,370.2,352.95,229.9,398.65,317.65
964,SUNDRMFAST,520.2,855.65,862.4,400.0,914.85,675.65
965,SUNFLAG,60.05,83.1,67.3,42.1,81.9,63.0
966,SUNPHARMA,592.35,924.6,889.2,500.45,818.25,645.15
967,SUNTECK,347.95,488.3,470.15,274.25,481.65,275.45
968,SUNTV,480.75,512.7,458.0,465.65,505.35,466.65
969,SUPERHOUSE,133.55,185.35,175.95,89.05,169.75,114.0
970,SUPRAJIT,199.55,383.6,314.05,180.25,321.6,254.7
971,SUPREMEIND,1629.9,2096.95,1994.5,1400.65,2334.55,1989.75
972,SURYAROSNI,362.3,462.1,423.25,198.75,745.8,357.75
973,SUTLEJTEX,45.95,81.6,72.55,26.45,69.35,38.35
974,SUVEN,90.55,92.45,81.25,50.4,93.35,90.2
975,SUVENPHAR,452.3,614.55,524.6,380.1,528.25,496.3
976,SWANENERGY,134.75,268.85,185.3,124.95,128.2,128.55
977,SWARAJENG,1429.85,1439.65,1313.3,1458.55,1626.15,1370.2
978,SWSOLAR,259.75,367.35,325.75,225.7,400.0,315.6
979,SYMPHONY,1027.7,1203.65,1079.65,949.65,1070.95,1214.9
980,SYNGENE,639.6,648.35,572.15,552.95,599.9,598.1
981,TAJGVK,131.65,168.2,143.35,143.7,145.3,104.65
982,TAKE,53.25,33.3,33.55,45.7,50.65,48.85
983,TALBROAUTO,143.35,521.15,438.4,108.35,288.1,203.5
984,TANLA,673.9,1611.7,1463.6,291.15,872.35,878.7
985,TARMAT,52.8,63.05,60.75,44.5,60.35,43.5
986,TASTYBITE,11988.65,11676.9,11071.6,10705.3,17760.5,14651.8
987,TATACHEM,477.4,999.6,938.05,299.5,919.3,724.6
988,TATACOFFEE,104.65,222.3,200.2,104.6,203.55,115.8
989,TATACOMM,1100.7,1349.3,1169.25,847.4,1391.75,1128.6
990,TATACONSUM,589.9,817.7,747.85,499.95,813.6,680.1
991,TATAELXSI,1835.3,8685.2,7213.4,1287.0,5594.05,2999.9
992,TATAINVEST,1000.25,1495.95,1369.5,842.75,1367.0,981.8
993,TATAMETALI,608.45,875.2,809.3,520.5,1034.25,877.0
994,TATAMOTORS,183.85,452.05,424.9,133.3,333.35,298.05
995,TATAMTRDVR,75.2,233.6,211.45,62.8,189.3,132.4
996,TATAPOWER,75.65,278.1,230.45,53.3,158.75,93.6
997,TATASTEEL,643.65,1370.75,1265.25,359.75,1288.9,894.0
998,TATASTLLP,559.85,805.15,743.9,319.8,905.3,836.15
999,TBZ,62.8,74.1,67.85,36.75,78.6,59.8
1000,TCI,251.35,662.6,574.1,231.05,419.7,271.7
1001,TCIDEVELOP,331.15,334.1,302.65,299.0,374.35,300.65
1002,TCIEXP,925.95,1892.0,1770.4,780.2,1543.4,833.35
1003,TCNSBRANDS,446.75,791.8,791.8,396.2,652.6,449.0
1004,TCPLPACK,389.6,833.65,714.75,361.55,533.7,387.0
1005,TCS,2862.75,3685.65,3655.9,2492.3,3775.55,3144.55
1006,TDPOWERSYS,152.45,354.25,358.35,113.0,309.4,153.05
1007,TEAMLEASE,2626.3,3915.9,3974.85,2195.05,4488.65,3178.05
1008,TECHM,973.2,1448.75,1489.9,791.75,1380.6,983.4
1009,TECHNOE,215.2,276.8,239.5,201.55,279.95,299.05
1010,TEJASNET,137.15,560.75,392.35,72.9,492.9,167.25
1011,TEXINFRA,45.25,61.9,58.8,34.6,59.05,70.85
1012,TEXMOPIPES,21.75,86.9,78.3,14.1,53.5,27.3
1013,TEXRAIL,32.35,44.8,37.35,26.15,35.1,24.2
1014,TFCILTD,48.1,67.8,60.7,36.25,73.75,57.2
1015,THANGAMAYL,599.3,1119.85,1179.7,408.25,1111.85,600.95
1016,THERMAX,907.95,1991.65,1950.7,718.55,1359.7,1322.8
1017,THOMASCOOK,47.05,83.95,65.6,27.85,65.6,42.9
1018,THYROCARE,913.0,875.15,786.8,758.25,1166.2,1022.1
1019,TIIL,356.3,1157.75,1038.45,369.45,811.3,361.3
1020,TIINDIA,800.85,1669.8,1530.5,604.3,1396.85,1098.85
1021,TIL,176.5,135.3,108.65,140.95,153.25,156.6
1022,TIMESGTY,27.55,61.05,61.2,22.4,42.1,44.6
1023,TIMETECHNO,49.3,83.05,70.95,36.7,71.7,74.1
1024,TIMKEN,1329.65,2147.4,2065.1,1106.4,1694.95,1361.7
1025,TINPLATE,153.2,426.05,363.55,131.9,287.2,164.55
1026,TIRUMALCHM,100.45,295.55,224.15,76.35,304.75,87.05
1027,TITAN,1567.15,2509.95,2587.3,1201.35,2161.85,1522.9
1028,TMRVL,11.95,16.3,16.7,8.65,12.95,10.6
1029,TNPETRO,42.8,117.55,100.1,38.25,130.2,67.0
1030,TNPL,122.6,192.35,160.6,104.9,132.7,135.2
1031,TOKYOPLAST,72.6,114.1,93.4,61.35,101.75,70.7
1032,TORNTPHARM,2802.7,2801.8,2850.0,2799.95,3085.5,2604.85
1033,TORNTPOWER,317.4,542.55,486.1,313.35,505.05,377.75
1034,TPLPLASTEH,164.25,155.4,122.2,117.2,192.15,186.95
1035,TREJHARA,41.3,74.9,68.05,15.7,62.4,31.95
1036,TRENT,687.6,1269.65,1171.25,671.9,1025.85,736.5
1037,TRIGYN,88.75,164.15,140.6,54.7,107.8,67.4
1038,TRITURBINE,81.2,203.55,183.45,68.6,159.45,101.4
1039,TRIVENI,71.35,341.3,329.0,74.5,185.05,108.4
1040,TTKHLTCARE,592.4,811.8,799.8,452.55,671.8,513.0
1041,TTKPRESTIG,6180.6,835.3,824.9,6104.75,8883.4,7523.65
1042,TTL,54.75,105.6,106.75,32.65,66.05,43.35
1043,TV18BRDCST,30.9,75.55,66.45,28.6,37.95,27.55
1044,TVSMOTOR,485.0,653.4,609.7,468.3,549.45,536.95
1045,TVSSRICHAK,1871.25,1795.4,1720.35,1385.7,2144.9,1717.0
1046,TVTODAY,228.15,405.15,384.35,193.7,290.55,272.7
1047,TWL,58.2,107.1,94.5,47.55,97.4,46.4
1048,UBL,1186.35,1590.8,1465.25,956.3,1571.5,1130.35
1049,UCALFUEL,123.35,128.45,116.65,118.8,149.15,129.05
1050,UCOBANK,12.7,12.7,11.9,12.15,13.65,10.95
1051,UFLEX,376.1,678.85,547.9,313.15,540.9,362.2
1052,UFO,88.65,110.15,99.1,75.05,107.5,69.85
1053,UGARSUGAR,16.8,79.2,67.9,14.4,29.0,17.15
1054,UJJIVAN,276.15,136.1,113.9,211.35,155.7,190.05
1055,UJJIVANSFB,39.3,17.95,16.9,31.75,21.1,27.25
1056,ULTRACEMCO,5288.15,6837.0,6305.9,4049.55,7396.1,6200.85
1057,UMANGDAIRY,64.1,71.9,66.4,42.3,74.05,52.85
1058,UNICHEMLAB,262.25,283.15,253.5,245.0,270.6,329.9
1059,UNIDT,270.65,529.75,486.85,282.3,344.1,309.9
1060,UNIENTER,69.0,139.35,139.35,63.45,125.95,74.25
1061,UNIONBANK,31.55,44.05,40.0,24.35,36.25,32.75
1062,UNITEDTEA,326.85,389.95,352.45,341.35,391.35,291.75
1063,UNIVCABLES,147.85,157.8,138.6,130.7,165.0,131.45
1064,UPL,466.35,809.75,752.45,502.9,707.7,591.75
1065,USHAMART,36.8,140.65,107.7,25.15,85.75,36.75
1066,UTIBANKETF,311.52,37.93,35.84,213.69,37.63,31.09
1067,UTINEXT50,337.93,45.69,42.25,276.07,44.27,35.05
1068,UTINIFTETF,1490.0,1874.38,1785.15,1200.55,1852.4,1489.49
1069,UTISENSETF,508.83,625.84,594.67,402.89,621.91,499.01
1070,UTISXN50,366.0,52.49,47.78,296.62,49.29,41.04
1071,VADILALIND,759.8,1434.0,1435.2,785.95,1042.4,904.9
1072,VAIBHAVGBL,2446.9,503.05,401.25,1883.3,699.5,3960.55
1073,VAKRANGEE,69.15,35.45,31.5,29.0,40.5,53.2
1074,VARDHACRLC,36.45,58.9,51.4,29.95,63.0,34.55
1075,VARROC,397.4,398.9,326.55,307.6,300.35,342.5
1076,VASWANI,6.3,21.2,22.35,5.4,11.45,9.6
1077,VBL,916.05,962.25,940.8,698.3,897.6,926.3
1078,VEDL,161.4,430.3,373.35,136.9,287.65,226.1
1079,VENKEYS,1746.65,2312.1,2327.6,1411.4,2937.2,1523.2
1080,VERTOZ,214.35,100.55,98.75,153.05,99.65,249.65
1081,VESUVIUS,1092.5,1044.55,961.25,877.4,1223.6,1028.5
1082,VETO,77.9,108.3,95.1,42.4,108.4,127.7
1083,VGUARD,186.2,222.7,218.4,170.45,257.95,226.65
1084,VHL,1444.4,3865.1,3685.05,1273.45,3022.25,1618.05
1085,VIDHIING,127.65,478.75,381.25,122.7,362.9,180.4
1086,VINATIORGA,1208.2,1986.95,1864.45,1336.55,1938.05,1588.0
1087,VINDHYATEL,839.65,1153.2,1102.55,787.7,1103.65,786.9
1088,VINYLINDIA,126.15,279.75,253.5,97.85,224.95,114.35
1089,VIPIND,364.5,725.65,628.15,288.35,506.6,320.25
1090,VISAKAIND,390.1,633.85,591.65,312.95,664.4,491.7
1091,VISHAL,59.15,36.3,35.55,330.1,114.0,48.85
1092,VISHWARAJ,121.05,22.4,22.05,100.1,148.75,119.9
1093,VIVIMEDLAB,18.05,16.9,17.65,19.45,20.35,28.4
1094,VLSFINANCE,68.5,190.3,164.2,55.3,194.65,80.1
1095,VMART,2542.45,3560.1,3813.7,1977.85,3549.3,2631.8
1096,VOLTAMP,1248.15,2057.5,2020.75,979.15,1503.5,1060.1
1097,VOLTAS,825.65,1317.6,1270.75,680.35,1218.05,941.5
1098,VRLLOG,202.85,492.9,442.7,165.4,381.95,213.2
1099,VSSL,117.05,255.05,239.55,78.95,238.8,163.1
1100,VSTIND,3704.4,3128.55,3062.7,3267.65,3397.0,3266.55
1101,VSTTILLERS,1871.1,2575.3,2486.75,1678.0,2693.2,1797.0
1102,VTL,1085.1,444.5,2755.45,800.8,1852.4,1159.05
1103,WABAG,206.4,304.35,284.0,195.15,332.8,236.9
1104,WALCHANNAG,70.95,64.15,54.55,49.35,58.4,56.6
1105,WATERBASE,128.15,93.65,92.4,100.05,113.85,106.4
1106,WEBELSOLAR,45.9,110.7,101.45,19.4,65.6,44.2
1107,WEIZMANIND,47.95,60.5,58.7,29.9,47.5,38.65
1108,WELCORP,133.1,195.85,143.6,113.7,144.85,137.35
1109,WELENT,86.5,85.95,81.9,65.7,107.55,98.45
1110,WELINV,354.05,306.55,275.6,259.65,335.45,395.0
1111,WELSPUNIND,67.9,96.3,101.3,67.0,169.3,76.9
1112,WENDT,3103.65,6323.6,5169.85,3278.65,4333.0,3104.05
1113,WESTLIFE,456.4,497.05,473.45,395.3,566.3,421.65
1114,WHEELS,481.7,587.85,565.15,407.55,759.45,418.9
1115,WHIRLPOOL,2629.0,1661.6,1580.95,2196.75,2284.95,2149.5
1116,WILLAMAGOR,20.8,25.0,22.1,15.8,20.2,17.2
1117,WIPRO,386.25,583.65,598.25,313.55,634.1,470.1
1118,WOCKPHARMA,546.55,305.5,289.75,294.6,454.75,506.25
1119,WONDERLA,205.15,245.7,229.25,158.15,241.35,179.05
1120,WORTH,54.85,109.85,116.6,43.9,85.25,48.35
1121,WSTCSTPAPR,178.85,358.1,306.7,168.8,265.15,187.7
1122,XCHANGING,86.8,93.25,85.75,94.5,109.15,61.6
1123,YESBANK,17.85,15.65,12.8,13.15,12.55,14.05
1124,ZEEL,223.5,286.0,254.15,208.9,303.2,197.4
1125,ZEELEARN,13.55,14.65,13.25,11.7,14.4,10.05
1126,ZENSARTECH,237.4,385.15,367.35,192.4,477.8,265.6
1127,ZENTEC,90.0,211.4,198.65,80.85,205.2,74.2
1128,ZODIACLOTH,107.45,111.75,106.1,101.65,116.25,86.8
1129,ZOTA,178.5,314.1,321.95,146.95,391.15,161.45
1130,ZYDUSWELL,1990.5,1625.85,1524.0,1839.45,2366.6,2076.65
